Workbook

Sheet data
A1: Partition | B1: Prob | C1: Y | D1: Training | E1: Validation | F1: Training | G1: Validation | I1: Positive | J1: Negative | L1: Training | M1: Validation
A2: Training | B2: 0.20626656 | C2: 0 | D2: =IF($A2=D$1,$C2,"") -> 0 | E2: =IF($A2=E$1,$C2,"") | F2: =IF($A2=F$1,$B2,"") -> 0.20626656 | G2: =IF($A2=G$1,$B2,"") | I2: 1 | J2: 0 | L2: =COUNTIF(A:A,L1) -> 1257 | M2: =COUNTIF(A:A,M1) -> 628
A3: Validation | B3: 0.17124049 | C3: 0 | D3: =IF($A3=D$1,$C3,"") | E3: =IF($A3=E$1,$C3,"") -> 0 | F3: =IF($A3=F$1,$B3,"") | G3: =IF($A3=G$1,$B3,"") -> 0.17124049
A4: Training | B4: 0.6073481 | C4: 0 | D4: =IF($A4=D$1,$C4,"") -> 0 | E4: =IF($A4=E$1,$C4,"") | F4: =IF($A4=F$1,$B4,"") -> 0.6073481 | G4: =IF($A4=G$1,$B4,"")
A5: Training | B5: 0.7515218 | C5: 1 | D5: =IF($A5=D$1,$C5,"") -> 1 | E5: =IF($A5=E$1,$C5,"") | F5: =IF($A5=F$1,$B5,"") -> 0.7515218 | G5: =IF($A5=G$1,$B5,"")
A6: Validation | B6: 0.11435107 | C6: 0 | D6: =IF($A6=D$1,$C6,"") | E6: =IF($A6=E$1,$C6,"") -> 0 | F6: =IF($A6=F$1,$B6,"") | G6: =IF($A6=G$1,$B6,"") -> 0.11435107
A7: Validation | B7: 0.59356082 | C7: 0 | D7: =IF($A7=D$1,$C7,"") | E7: =IF($A7=E$1,$C7,"") -> 0 | F7: =IF($A7=F$1,$B7,"") | G7: =IF($A7=G$1,$B7,"") -> 0.59356082
A8: Training | B8: 0.26340089 | C8: 0 | D8: =IF($A8=D$1,$C8,"") -> 0 | E8: =IF($A8=E$1,$C8,"") | F8: =IF($A8=F$1,$B8,"") -> 0.26340089 | G8: =IF($A8=G$1,$B8,"")
A9: Validation | B9: 0.17792831 | C9: 0 | D9: =IF($A9=D$1,$C9,"") | E9: =IF($A9=E$1,$C9,"") -> 0 | F9: =IF($A9=F$1,$B9,"") | G9: =IF($A9=G$1,$B9,"") -> 0.17792831
A10: Training | B10: 0.62288853 | C10: 0 | D10: =IF($A10=D$1,$C10,"") -> 0 | E10: =IF($A10=E$1,$C10,"") | F10: =IF($A10=F$1,$B10,"") -> 0.62288853 | G10: =IF($A10=G$1,$B10,"")
A11: Validation | B11: 0.44384207 | C11: 0 | D11: =IF($A11=D$1,$C11,"") | E11: =IF($A11=E$1,$C11,"") -> 0 | F11: =IF($A11=F$1,$B11,"") | G11: =IF($A11=G$1,$B11,"") -> 0.44384207
A12: Training | B12: 0.4484686 | C12: 0 | D12: =IF($A12=D$1,$C12,"") -> 0 | E12: =IF($A12=E$1,$C12,"") | F12: =IF($A12=F$1,$B12,"") -> 0.4484686 | G12: =IF($A12=G$1,$B12,"")
A13: Training | B13: 0.84791581 | C13: 1 | D13: =IF($A13=D$1,$C13,"") -> 1 | E13: =IF($A13=E$1,$C13,"") | F13: =IF($A13=F$1,$B13,"") -> 0.84791581 | G13: =IF($A13=G$1,$B13,"")
A14: Training | B14: 0.29091376 | C14: 0 | D14: =IF($A14=D$1,$C14,"") -> 0 | E14: =IF($A14=E$1,$C14,"") | F14: =IF($A14=F$1,$B14,"") -> 0.29091376 | G14: =IF($A14=G$1,$B14,"")
... A1886: Validation | B1886: 0.17178461 | C1886: 0 | D1886: =IF($A1886=D$1,$C1886,"") | E1886: =IF($A1886=E$1,$C1886,"") -> 0 | F1886: =IF($A1886=F$1,$B1886,"") | G1886: =IF($A1886=G$1,$B1886,"") -> 0.17178461

Sheet Training
A1: ID | B1: Threshold | C1: TP | D1: FP | E1: TN | F1: FN | G1: FPR | H1: TPR | I1: Area | J1: Precision | K1: F1 | L1: Baseline | M1: Percent | N1: Lift | Q1: AUC
A2: 1 | B2: =LARGE(data!F:F,A2) -> 0.90108968 | C2: =COUNTIFS(data!D:D,data!$I$2,data!F:F,">="&B2) -> 1 | D2: =COUNTIFS(data!D:D,data!$J$2,data!F:F,">="&B2) -> 0 | E2: =COUNTIFS(data!D:D,data!$J$2,data!F:F,"<"&B2) -> 723 | F2: =COUNTIFS(data!D:D,data!$I$2,data!F:F,"<"&B2) -> 533 | G2: =D2/(E2+D2) -> 0 | H2: =C2/(C2+F2) -> 0.0018726592 | I2: 0 | J2: =C2/(C2+D2) -> 1 | K2: =2*J2*H2/(J2+H2) -> 0.0037383178 | L2: =A2*COUNTIF(data!D:D,data!$I$2)/data!$L$2 -> 0.424821 | M2: =A2/data!$L$2 -> 0.00079554495 | N2: =C2/L2 -> 2.3539326 | Q2: =SUM(I:I) -> 0.74553333
A3: 2 | B3: =LARGE(data!F:F,A3) -> 0.90057001 | C3: =COUNTIFS(data!D:D,data!$I$2,data!F:F,">="&B3) -> 2 | D3: =COUNTIFS(data!D:D,data!$J$2,data!F:F,">="&B3) -> 0 | E3: =COUNTIFS(data!D:D,data!$J$2,data!F:F,"<"&B3) -> 723 | F3: =COUNTIFS(data!D:D,data!$I$2,data!F:F,"<"&B3) -> 532 | G3: =D3/(E3+D3) -> 0 | H3: =C3/(C3+F3) -> 0.0037453184 | I3: =(G3-G2)*(H3+H2)*0.5 -> 0 | J3: =C3/(C3+D3) -> 1 | K3: =2*J3*H3/(J3+H3) -> 0.0074626866 | L3: =A3*COUNTIF(data!D:D,data!$I$2)/data!$L$2 -> 0.849642 | M3: =A3/data!$L$2 -> 0.0015910899 | N3: =C3/L3 -> 2.3539326
A4: 3 | B4: =LARGE(data!F:F,A4) -> 0.88949239 | C4: =COUNTIFS(data!D:D,data!$I$2,data!F:F,">="&B4) -> 4 | D4: =COUNTIFS(data!D:D,data!$J$2,data!F:F,">="&B4) -> 1 | E4: =COUNTIFS(data!D:D,data!$J$2,data!F:F,"<"&B4) -> 722 | F4: =COUNTIFS(data!D:D,data!$I$2,data!F:F,"<"&B4) -> 530 | G4: =D4/(E4+D4) -> 0.0013831259 | H4: =C4/(C4+F4) -> 0.0074906367 | I4: =(G4-G3)*(H4+H3)*0.5 -> 7.77037e-06 | J4: =C4/(C4+D4) -> 0.8 | K4: =2*J4*H4/(J4+H4) -> 0.014842301 | L4: =A4*COUNTIF(data!D:D,data!$I$2)/data!$L$2 -> 1.274463 | M4: =A4/data!$L$2 -> 0.0023866348 | N4: =C4/L4 -> 3.1385768
A5: 4 | B5: =LARGE(data!F:F,A5) -> 0.88949239 | C5: =COUNTIFS(data!D:D,data!$I$2,data!F:F,">="&B5) -> 4 | D5: =COUNTIFS(data!D:D,data!$J$2,data!F:F,">="&B5) -> 1 | E5: =COUNTIFS(data!D:D,data!$J$2,data!F:F,"<"&B5) -> 722 | F5: =COUNTIFS(data!D:D,data!$I$2,data!F:F,"<"&B5) -> 530 | G5: =D5/(E5+D5) -> 0.0013831259 | H5: =C5/(C5+F5) -> 0.0074906367 | I5: =(G5-G4)*(H5+H4)*0.5 -> 0 | J5: =C5/(C5+D5) -> 0.8 | K5: =2*J5*H5/(J5+H5) -> 0.014842301 | L5: =A5*COUNTIF(data!D:D,data!$I$2)/data!$L$2 -> 1.699284 | M5: =A5/data!$L$2 -> 0.0031821798 | N5: =C5/L5 -> 2.3539326
A6: 5 | B6: =LARGE(data!F:F,A6) -> 0.88949239 | C6: =COUNTIFS(data!D:D,data!$I$2,data!F:F,">="&B6) -> 4 | D6: =COUNTIFS(data!D:D,data!$J$2,data!F:F,">="&B6) -> 1 | E6: =COUNTIFS(data!D:D,data!$J$2,data!F:F,"<"&B6) -> 722 | F6: =COUNTIFS(data!D:D,data!$I$2,data!F:F,"<"&B6) -> 530 | G6: =D6/(E6+D6) -> 0.0013831259 | H6: =C6/(C6+F6) -> 0.0074906367 | I6: =(G6-G5)*(H6+H5)*0.5 -> 0 | J6: =C6/(C6+D6) -> 0.8 | K6: =2*J6*H6/(J6+H6) -> 0.014842301 | L6: =A6*COUNTIF(data!D:D,data!$I$2)/data!$L$2 -> 2.124105 | M6: =A6/data!$L$2 -> 0.0039777247 | N6: =C6/L6 -> 1.8831461
A7: 6 | B7: =LARGE(data!F:F,A7) -> 0.87721273 | C7: =COUNTIFS(data!D:D,data!$I$2,data!F:F,">="&B7) -> 5 | D7: =COUNTIFS(data!D:D,data!$J$2,data!F:F,">="&B7) -> 1 | E7: =COUNTIFS(data!D:D,data!$J$2,data!F:F,"<"&B7) -> 722 | F7: =COUNTIFS(data!D:D,data!$I$2,data!F:F,"<"&B7) -> 529 | G7: =D7/(E7+D7) -> 0.0013831259 | H7: =C7/(C7+F7) -> 0.0093632959 | I7: =(G7-G6)*(H7+H6)*0.5 -> 0 | J7: =C7/(C7+D7) -> 0.83333333 | K7: =2*J7*H7/(J7+H7) -> 0.018518519 | L7: =A7*COUNTIF(data!D:D,data!$I$2)/data!$L$2 -> 2.548926 | M7: =A7/data!$L$2 -> 0.0047732697 | N7: =C7/L7 -> 1.9616105
A8: 7 | B8: =LARGE(data!F:F,A8) -> 0.87675975 | C8: =COUNTIFS(data!D:D,data!$I$2,data!F:F,">="&B8) -> 6 | D8: =COUNTIFS(data!D:D,data!$J$2,data!F:F,">="&B8) -> 1 | E8: =COUNTIFS(data!D:D,data!$J$2,data!F:F,"<"&B8) -> 722 | F8: =COUNTIFS(data!D:D,data!$I$2,data!F:F,"<"&B8) -> 528 | G8: =D8/(E8+D8) -> 0.0013831259 | H8: =C8/(C8+F8) -> 0.011235955 | I8: =(G8-G7)*(H8+H7)*0.5 -> 0 | J8: =C8/(C8+D8) -> 0.85714286 | K8: =2*J8*H8/(J8+H8) -> 0.022181146 | L8: =A8*COUNTIF(data!D:D,data!$I$2)/data!$L$2 -> 2.973747 | M8: =A8/data!$L$2 -> 0.0055688146 | N8: =C8/L8 -> 2.0176565
A9: 8 | B9: =LARGE(data!F:F,A9) -> 0.8738038 | C9: =COUNTIFS(data!D:D,data!$I$2,data!F:F,">="&B9) -> 8 | D9: =COUNTIFS(data!D:D,data!$J$2,data!F:F,">="&B9) -> 1 | E9: =COUNTIFS(data!D:D,data!$J$2,data!F:F,"<"&B9) -> 722 | F9: =COUNTIFS(data!D:D,data!$I$2,data!F:F,"<"&B9) -> 526 | G9: =D9/(E9+D9) -> 0.0013831259 | H9: =C9/(C9+F9) -> 0.014981273 | I9: =(G9-G8)*(H9+H8)*0.5 -> 0 | J9: =C9/(C9+D9) -> 0.88888889 | K9: =2*J9*H9/(J9+H9) -> 0.02946593 | L9: =A9*COUNTIF(data!D:D,data!$I$2)/data!$L$2 -> 3.398568 | M9: =A9/data!$L$2 -> 0.0063643596 | N9: =C9/L9 -> 2.3539326
A10: 9 | B10: =LARGE(data!F:F,A10) -> 0.8738038 | C10: =COUNTIFS(data!D:D,data!$I$2,data!F:F,">="&B10) -> 8 | D10: =COUNTIFS(data!D:D,data!$J$2,data!F:F,">="&B10) -> 1 | E10: =COUNTIFS(data!D:D,data!$J$2,data!F:F,"<"&B10) -> 722 | F10: =COUNTIFS(data!D:D,data!$I$2,data!F:F,"<"&B10) -> 526 | G10: =D10/(E10+D10) -> 0.0013831259 | H10: =C10/(C10+F10) -> 0.014981273 | I10: =(G10-G9)*(H10+H9)*0.5 -> 0 | J10: =C10/(C10+D10) -> 0.88888889 | K10: =2*J10*H10/(J10+H10) -> 0.02946593 | L10: =A10*COUNTIF(data!D:D,data!$I$2)/data!$L$2 -> 3.823389 | M10: =A10/data!$L$2 -> 0.0071599045 | N10: =C10/L10 -> 2.0923845
A11: 10 | B11: =LARGE(data!F:F,A11) -> 0.87257346 | C11: =COUNTIFS(data!D:D,data!$I$2,data!F:F,">="&B11) -> 9 | D11: =COUNTIFS(data!D:D,data!$J$2,data!F:F,">="&B11) -> 1 | E11: =COUNTIFS(data!D:D,data!$J$2,data!F:F,"<"&B11) -> 722 | F11: =COUNTIFS(data!D:D,data!$I$2,data!F:F,"<"&B11) -> 525 | G11: =D11/(E11+D11) -> 0.0013831259 | H11: =C11/(C11+F11) -> 0.016853933 | I11: =(G11-G10)*(H11+H10)*0.5 -> 0 | J11: =C11/(C11+D11) -> 0.9 | K11: =2*J11*H11/(J11+H11) -> 0.033088235 | L11: =A11*COUNTIF(data!D:D,data!$I$2)/data!$L$2 -> 4.24821 | M11: =A11/data!$L$2 -> 0.0079554495 | N11: =C11/L11 -> 2.1185393
A12: 11 | B12: =LARGE(data!F:F,A12) -> 0.86816533 | C12: =COUNTIFS(data!D:D,data!$I$2,data!F:F,">="&B12) -> 11 | D12: =COUNTIFS(data!D:D,data!$J$2,data!F:F,">="&B12) -> 1 | E12: =COUNTIFS(data!D:D,data!$J$2,data!F:F,"<"&B12) -> 722 | F12: =COUNTIFS(data!D:D,data!$I$2,data!F:F,"<"&B12) -> 523 | G12: =D12/(E12+D12) -> 0.0013831259 | H12: =C12/(C12+F12) -> 0.020599251 | I12: =(G12-G11)*(H12+H11)*0.5 -> 0 | J12: =C12/(C12+D12) -> 0.91666667 | K12: =2*J12*H12/(J12+H12) -> 0.04029304 | L12: =A12*COUNTIF(data!D:D,data!$I$2)/data!$L$2 -> 4.673031 | M12: =A12/data!$L$2 -> 0.0087509944 | N12: =C12/L12 -> 2.3539326
A13: 12 | B13: =LARGE(data!F:F,A13) -> 0.86816533 | C13: =COUNTIFS(data!D:D,data!$I$2,data!F:F,">="&B13) -> 11 | D13: =COUNTIFS(data!D:D,data!$J$2,data!F:F,">="&B13) -> 1 | E13: =COUNTIFS(data!D:D,data!$J$2,data!F:F,"<"&B13) -> 722 | F13: =COUNTIFS(data!D:D,data!$I$2,data!F:F,"<"&B13) -> 523 | G13: =D13/(E13+D13) -> 0.0013831259 | H13: =C13/(C13+F13) -> 0.020599251 | I13: =(G13-G12)*(H13+H12)*0.5 -> 0 | J13: =C13/(C13+D13) -> 0.91666667 | K13: =2*J13*H13/(J13+H13) -> 0.04029304 | L13: =A13*COUNTIF(data!D:D,data!$I$2)/data!$L$2 -> 5.097852 | M13: =A13/data!$L$2 -> 0.0095465394 | N13: =C13/L13 -> 2.1577715
A14: 13 | B14: =LARGE(data!F:F,A14) -> 0.86441793 | C14: =COUNTIFS(data!D:D,data!$I$2,data!F:F,">="&B14) -> 12 | D14: =COUNTIFS(data!D:D,data!$J$2,data!F:F,">="&B14) -> 1 | E14: =COUNTIFS(data!D:D,data!$J$2,data!F:F,"<"&B14) -> 722 | F14: =COUNTIFS(data!D:D,data!$I$2,data!F:F,"<"&B14) -> 522 | G14: =D14/(E14+D14) -> 0.0013831259 | H14: =C14/(C14+F14) -> 0.02247191 | I14: =(G14-G13)*(H14+H13)*0.5 -> 0 | J14: =C14/(C14+D14) -> 0.92307692 | K14: =2*J14*H14/(J14+H14) -> 0.043875686 | L14: =A14*COUNTIF(data!D:D,data!$I$2)/data!$L$2 -> 5.522673 | M14: =A14/data!$L$2 -> 0.010342084 | N14: =C14/L14 -> 2.1728608
... A1258: 1257 | B1258: =LARGE(data!F:F,A1258) -> 0.077720042 | C1258: =COUNTIFS(data!D:D,data!$I$2,data!F:F,">="&B1258) -> 534 | D1258: =COUNTIFS(data!D:D,data!$J$2,data!F:F,">="&B1258) -> 723 | E1258: =COUNTIFS(data!D:D,data!$J$2,data!F:F,"<"&B1258) -> 0 | F1258: =COUNTIFS(data!D:D,data!$I$2,data!F:F,"<"&B1258) -> 0 | G1258: =D1258/(E1258+D1258) -> 1 | H1258: =C1258/(C1258+F1258) -> 1 | I1258: =(G1258-G1257)*(H1258+H1257)*0.5 -> 0.0013831259 | J1258: =C1258/(C1258+D1258) -> 0.424821 | K1258: =2*J1258*H1258/(J1258+H1258) -> 0.59631491 | L1258: =A1258*COUNTIF(data!D:D,data!$I$2)/data!$L$2 -> 534 | M1258: =A1258/data!$L$2 -> 1 | N1258: =C1258/L1258 -> 1

Sheet Validation
A1: ID | B1: Threshold | C1: TP | D1: FP | E1: TN | F1: FN | G1: FPR | H1: TPR | I1: Area | J1: Precision | K1: F1 | L1: Baseline | M1: Percent | N1: Lift | Q1: AUC
A2: 1 | B2: =LARGE(data!G:G,A2) -> 0.90108968 | C2: =COUNTIFS(data!E:E,data!$I$2,data!G:G,">="&B2) -> 1 | D2: =COUNTIFS(data!E:E,data!$J$2,data!G:G,">="&B2) -> 0 | E2: =COUNTIFS(data!E:E,data!$J$2,data!G:G,"<"&B2) -> 362 | F2: =COUNTIFS(data!E:E,data!$I$2,data!G:G,"<"&B2) -> 265 | G2: =D2/(E2+D2) -> 0 | H2: =C2/(C2+F2) -> 0.0037593985 | I2: 0 | J2: =C2/(C2+D2) -> 1 | K2: =2*J2*H2/(J2+H2) -> 0.0074906367 | L2: =A2*COUNTIF(data!E:E,$J$2)/data!$M$2 -> 0.42356688 | M2: =A2/data!$M$2 -> 0.0015923567 | N2: =C2/L2 -> 2.3609023 | Q2: =SUM(I:I) -> 0.70151726
A3: 2 | B3: =LARGE(data!G:G,A3) -> 0.8960757 | C3: =COUNTIFS(data!E:E,data!$I$2,data!G:G,">="&B3) -> 2 | D3: =COUNTIFS(data!E:E,data!$J$2,data!G:G,">="&B3) -> 0 | E3: =COUNTIFS(data!E:E,data!$J$2,data!G:G,"<"&B3) -> 362 | F3: =COUNTIFS(data!E:E,data!$I$2,data!G:G,"<"&B3) -> 264 | G3: =D3/(E3+D3) -> 0 | H3: =C3/(C3+F3) -> 0.007518797 | I3: =(G3-G2)*(H3+H2)*0.5 -> 0 | J3: =C3/(C3+D3) -> 1 | K3: =2*J3*H3/(J3+H3) -> 0.014925373 | L3: =A3*COUNTIF(data!E:E,$J$2)/data!$M$2 -> 0.84713376 | M3: =A3/data!$M$2 -> 0.0031847134 | N3: =C3/L3 -> 2.3609023
A4: 3 | B4: =LARGE(data!G:G,A4) -> 0.87721273 | C4: =COUNTIFS(data!E:E,data!$I$2,data!G:G,">="&B4) -> 5 | D4: =COUNTIFS(data!E:E,data!$J$2,data!G:G,">="&B4) -> 0 | E4: =COUNTIFS(data!E:E,data!$J$2,data!G:G,"<"&B4) -> 362 | F4: =COUNTIFS(data!E:E,data!$I$2,data!G:G,"<"&B4) -> 261 | G4: =D4/(E4+D4) -> 0 | H4: =C4/(C4+F4) -> 0.018796992 | I4: =(G4-G3)*(H4+H3)*0.5 -> 0 | J4: =C4/(C4+D4) -> 1 | K4: =2*J4*H4/(J4+H4) -> 0.036900369 | L4: =A4*COUNTIF(data!E:E,$J$2)/data!$M$2 -> 1.2707006 | M4: =A4/data!$M$2 -> 0.0047770701 | N4: =C4/L4 -> 3.9348371
A5: 4 | B5: =LARGE(data!G:G,A5) -> 0.87721273 | C5: =COUNTIFS(data!E:E,data!$I$2,data!G:G,">="&B5) -> 5 | D5: =COUNTIFS(data!E:E,data!$J$2,data!G:G,">="&B5) -> 0 | E5: =COUNTIFS(data!E:E,data!$J$2,data!G:G,"<"&B5) -> 362 | F5: =COUNTIFS(data!E:E,data!$I$2,data!G:G,"<"&B5) -> 261 | G5: =D5/(E5+D5) -> 0 | H5: =C5/(C5+F5) -> 0.018796992 | I5: =(G5-G4)*(H5+H4)*0.5 -> 0 | J5: =C5/(C5+D5) -> 1 | K5: =2*J5*H5/(J5+H5) -> 0.036900369 | L5: =A5*COUNTIF(data!E:E,$J$2)/data!$M$2 -> 1.6942675 | M5: =A5/data!$M$2 -> 0.0063694268 | N5: =C5/L5 -> 2.9511278
A6: 5 | B6: =LARGE(data!G:G,A6) -> 0.87721273 | C6: =COUNTIFS(data!E:E,data!$I$2,data!G:G,">="&B6) -> 5 | D6: =COUNTIFS(data!E:E,data!$J$2,data!G:G,">="&B6) -> 0 | E6: =COUNTIFS(data!E:E,data!$J$2,data!G:G,"<"&B6) -> 362 | F6: =COUNTIFS(data!E:E,data!$I$2,data!G:G,"<"&B6) -> 261 | G6: =D6/(E6+D6) -> 0 | H6: =C6/(C6+F6) -> 0.018796992 | I6: =(G6-G5)*(H6+H5)*0.5 -> 0 | J6: =C6/(C6+D6) -> 1 | K6: =2*J6*H6/(J6+H6) -> 0.036900369 | L6: =A6*COUNTIF(data!E:E,$J$2)/data!$M$2 -> 2.1178344 | M6: =A6/data!$M$2 -> 0.0079617834 | N6: =C6/L6 -> 2.3609023
A7: 6 | B7: =LARGE(data!G:G,A7) -> 0.87531698 | C7: =COUNTIFS(data!E:E,data!$I$2,data!G:G,">="&B7) -> 6 | D7: =COUNTIFS(data!E:E,data!$J$2,data!G:G,">="&B7) -> 0 | E7: =COUNTIFS(data!E:E,data!$J$2,data!G:G,"<"&B7) -> 362 | F7: =COUNTIFS(data!E:E,data!$I$2,data!G:G,"<"&B7) -> 260 | G7: =D7/(E7+D7) -> 0 | H7: =C7/(C7+F7) -> 0.022556391 | I7: =(G7-G6)*(H7+H6)*0.5 -> 0 | J7: =C7/(C7+D7) -> 1 | K7: =2*J7*H7/(J7+H7) -> 0.044117647 | L7: =A7*COUNTIF(data!E:E,$J$2)/data!$M$2 -> 2.5414013 | M7: =A7/data!$M$2 -> 0.0095541401 | N7: =C7/L7 -> 2.3609023
A8: 7 | B8: =LARGE(data!G:G,A8) -> 0.87257346 | C8: =COUNTIFS(data!E:E,data!$I$2,data!G:G,">="&B8) -> 7 | D8: =COUNTIFS(data!E:E,data!$J$2,data!G:G,">="&B8) -> 0 | E8: =COUNTIFS(data!E:E,data!$J$2,data!G:G,"<"&B8) -> 362 | F8: =COUNTIFS(data!E:E,data!$I$2,data!G:G,"<"&B8) -> 259 | G8: =D8/(E8+D8) -> 0 | H8: =C8/(C8+F8) -> 0.026315789 | I8: =(G8-G7)*(H8+H7)*0.5 -> 0 | J8: =C8/(C8+D8) -> 1 | K8: =2*J8*H8/(J8+H8) -> 0.051282051 | L8: =A8*COUNTIF(data!E:E,$J$2)/data!$M$2 -> 2.9649682 | M8: =A8/data!$M$2 -> 0.011146497 | N8: =C8/L8 -> 2.3609023
A9: 8 | B9: =LARGE(data!G:G,A9) -> 0.86207039 | C9: =COUNTIFS(data!E:E,data!$I$2,data!G:G,">="&B9) -> 9 | D9: =COUNTIFS(data!E:E,data!$J$2,data!G:G,">="&B9) -> 0 | E9: =COUNTIFS(data!E:E,data!$J$2,data!G:G,"<"&B9) -> 362 | F9: =COUNTIFS(data!E:E,data!$I$2,data!G:G,"<"&B9) -> 257 | G9: =D9/(E9+D9) -> 0 | H9: =C9/(C9+F9) -> 0.033834586 | I9: =(G9-G8)*(H9+H8)*0.5 -> 0 | J9: =C9/(C9+D9) -> 1 | K9: =2*J9*H9/(J9+H9) -> 0.065454545 | L9: =A9*COUNTIF(data!E:E,$J$2)/data!$M$2 -> 3.388535 | M9: =A9/data!$M$2 -> 0.012738854 | N9: =C9/L9 -> 2.656015
A10: 9 | B10: =LARGE(data!G:G,A10) -> 0.86207039 | C10: =COUNTIFS(data!E:E,data!$I$2,data!G:G,">="&B10) -> 9 | D10: =COUNTIFS(data!E:E,data!$J$2,data!G:G,">="&B10) -> 0 | E10: =COUNTIFS(data!E:E,data!$J$2,data!G:G,"<"&B10) -> 362 | F10: =COUNTIFS(data!E:E,data!$I$2,data!G:G,"<"&B10) -> 257 | G10: =D10/(E10+D10) -> 0 | H10: =C10/(C10+F10) -> 0.033834586 | I10: =(G10-G9)*(H10+H9)*0.5 -> 0 | J10: =C10/(C10+D10) -> 1 | K10: =2*J10*H10/(J10+H10) -> 0.065454545 | L10: =A10*COUNTIF(data!E:E,$J$2)/data!$M$2 -> 3.8121019 | M10: =A10/data!$M$2 -> 0.01433121 | N10: =C10/L10 -> 2.3609023
A11: 10 | B11: =LARGE(data!G:G,A11) -> 0.86077949 | C11: =COUNTIFS(data!E:E,data!$I$2,data!G:G,">="&B11) -> 10 | D11: =COUNTIFS(data!E:E,data!$J$2,data!G:G,">="&B11) -> 0 | E11: =COUNTIFS(data!E:E,data!$J$2,data!G:G,"<"&B11) -> 362 | F11: =COUNTIFS(data!E:E,data!$I$2,data!G:G,"<"&B11) -> 256 | G11: =D11/(E11+D11) -> 0 | H11: =C11/(C11+F11) -> 0.037593985 | I11: =(G11-G10)*(H11+H10)*0.5 -> 0 | J11: =C11/(C11+D11) -> 1 | K11: =2*J11*H11/(J11+H11) -> 0.072463768 | L11: =A11*COUNTIF(data!E:E,$J$2)/data!$M$2 -> 4.2356688 | M11: =A11/data!$M$2 -> 0.015923567 | N11: =C11/L11 -> 2.3609023
A12: 11 | B12: =LARGE(data!G:G,A12) -> 0.85887894 | C12: =COUNTIFS(data!E:E,data!$I$2,data!G:G,">="&B12) -> 10 | D12: =COUNTIFS(data!E:E,data!$J$2,data!G:G,">="&B12) -> 1 | E12: =COUNTIFS(data!E:E,data!$J$2,data!G:G,"<"&B12) -> 361 | F12: =COUNTIFS(data!E:E,data!$I$2,data!G:G,"<"&B12) -> 256 | G12: =D12/(E12+D12) -> 0.0027624309 | H12: =C12/(C12+F12) -> 0.037593985 | I12: =(G12-G11)*(H12+H11)*0.5 -> 0.00010385079 | J12: =C12/(C12+D12) -> 0.90909091 | K12: =2*J12*H12/(J12+H12) -> 0.072202166 | L12: =A12*COUNTIF(data!E:E,$J$2)/data!$M$2 -> 4.6592357 | M12: =A12/data!$M$2 -> 0.017515924 | N12: =C12/L12 -> 2.1462748
A13: 12 | B13: =LARGE(data!G:G,A13) -> 0.85727229 | C13: =COUNTIFS(data!E:E,data!$I$2,data!G:G,">="&B13) -> 12 | D13: =COUNTIFS(data!E:E,data!$J$2,data!G:G,">="&B13) -> 1 | E13: =COUNTIFS(data!E:E,data!$J$2,data!G:G,"<"&B13) -> 361 | F13: =COUNTIFS(data!E:E,data!$I$2,data!G:G,"<"&B13) -> 254 | G13: =D13/(E13+D13) -> 0.0027624309 | H13: =C13/(C13+F13) -> 0.045112782 | I13: =(G13-G12)*(H13+H12)*0.5 -> 0 | J13: =C13/(C13+D13) -> 0.92307692 | K13: =2*J13*H13/(J13+H13) -> 0.086021505 | L13: =A13*COUNTIF(data!E:E,$J$2)/data!$M$2 -> 5.0828025 | M13: =A13/data!$M$2 -> 0.01910828 | N13: =C13/L13 -> 2.3609023
A14: 13 | B14: =LARGE(data!G:G,A14) -> 0.85727229 | C14: =COUNTIFS(data!E:E,data!$I$2,data!G:G,">="&B14) -> 12 | D14: =COUNTIFS(data!E:E,data!$J$2,data!G:G,">="&B14) -> 1 | E14: =COUNTIFS(data!E:E,data!$J$2,data!G:G,"<"&B14) -> 361 | F14: =COUNTIFS(data!E:E,data!$I$2,data!G:G,"<"&B14) -> 254 | G14: =D14/(E14+D14) -> 0.0027624309 | H14: =C14/(C14+F14) -> 0.045112782 | I14: =(G14-G13)*(H14+H13)*0.5 -> 0 | J14: =C14/(C14+D14) -> 0.92307692 | K14: =2*J14*H14/(J14+H14) -> 0.086021505 | L14: =A14*COUNTIF(data!E:E,$J$2)/data!$M$2 -> 5.5063694 | M14: =A14/data!$M$2 -> 0.020700637 | N14: =C14/L14 -> 2.1792944
... A629: 628 | B629: =LARGE(data!G:G,A629) -> 0.077098099 | C629: =COUNTIFS(data!E:E,data!$I$2,data!G:G,">="&B629) -> 266 | D629: =COUNTIFS(data!E:E,data!$J$2,data!G:G,">="&B629) -> 362 | E629: =COUNTIFS(data!E:E,data!$J$2,data!G:G,"<"&B629) -> 0 | F629: =COUNTIFS(data!E:E,data!$I$2,data!G:G,"<"&B629) -> 0 | G629: =D629/(E629+D629) -> 1 | H629: =C629/(C629+F629) -> 1 | I629: =(G629-G628)*(H629+H628)*0.5 -> 0.0027624309 | J629: =C629/(C629+D629) -> 0.42356688 | K629: =2*J629*H629/(J629+H629) -> 0.5950783 | L629: =A629*COUNTIF(data!E:E,$J$2)/data!$M$2 -> 266 | M629: =A629/data!$M$2 -> 1 | N629: =C629/L629 -> 1
